,refined_score,max_z_score,composite_score
count,56.0,56.0,56.0
mean,41.06339107475095,10.471998693393179,50.80920015923492
std,12.424666572154294,6.104526011381976,9.21867398035482
min,18.163173347518693,1.5441788914646135,30.449691746378303
25%,31.881379771090465,5.808445601207502,44.489196744820276
50%,39.97988707692071,9.846570223106262,50.92932174471056
75%,48.995355706832385,14.347566357408699,55.52006045747267
max,69.68914269937535,27.327872456091935,72.98380648677072
